{
  "description": {
    "title": "",
    "text": "                                                                                                                                                                     A Mundo Quadri é uma loja de pneus para quadriciclos e utvs além de rodas, guincho elétrico e outros acessórios para quadriciclos e utvs. Trabalhamos com as melhores marcas, como Arisun, Kenda, Obor, Raceline, Runva, Maxxis e outras"
  },
  "links_1": {
    "list_pages": true,
    "title": "Conteúdo",
    "list": []
  },
  "links_2": {
    "list_categories": true,
    "title": "Categorias",
    "list": []
  },
  "contacts": {
    "title": "Atendimento",
    "phone_wpp": true,
    "socials": true,
    "email": true,
    "address": true
  },
  "stamps": [
    {
      "src": "/img/uploads/ssl-safe.png",
      "alt": "Secure connection"
    }
  ],
  "payment_methods": {
    "bb": false,
    "visa": true,
    "boleto": true,
    "aura": false,
    "banrisul": false,
    "elo": true,
    "hipercard": false,
    "hsbc": false,
    "bradesco": false,
    "santander": false,
    "mastercard": true,
    "paypal": true,
    "citibank": false,
    "diners": true,
    "mais": false,
    "amex": true,
    "itau": false
  },
  "credits": ""
}