{
  "meta_title": "",
  "meta_description": "",
  "sections": [
    {
      "type": "banner-slider",
      "autoplay": 9000,
      "full_width": true,
      "slides": [
        {
          "start": "",
          "img": "/img/uploads/banner_fourtrax_pneus_full.jpg",
          "mobile_img": "/img/uploads/banner_fourtrax_pneus.jpg",
          "end": "",
          "link": "https://mundoquadri.netlify.app/pneus-honda-fourtrax/"
        }
      ]
    },
    {
      "type": "banners-grid",
      "banners": [
        {
          "img": "/img/uploads/guinchos.jpg",
          "alt": "Guinchos",
          "link": "/guincho-eletrico/",
          "mobile_img": ""
        },
        {
          "img": "/img/uploads/barra-led.jpg",
          "alt": "Barra de led",
          "link": "/barra-de-led/",
          "mobile_img": ""
        }
      ]
    },
    {
      "type": "collection-shelf",
      "shuffle": true,
      "collection_id": "60c14e65641ad82fcc24958d:categories:Pneus:/pneus/",
      "limit": 24,
      "page": "",
      "sort": "views"
    },
    {
      "type": "collection-shelf",
      "shuffle": true,
      "limit": 12,
      "page": 1,
      "collection_id": null,
      "sort": "news",
      "title": "Destaques"
    },
    {
      "type": "brands-carousel",
      "limit": 24,
      "offset": 0,
      "sort": "name"
    },
    {
      "type": "blog",
      "enabled": true
    }
  ]
}